Question,Expected Keywords,Sample Answer
Tell me about yourself.,"[Introduction, Experience, Skills, Achievements, Background, Career]","I have a diverse background with experience in various industries. My skills include strong communication, leadership, and problem-solving abilities. Throughout my career, I have achieved several milestones and contributed to the success of my teams."
What are your strengths?,"[Strengths, Skills, Examples, Abilities, Talents]","Some of my strengths include excellent organizational skills, attention to detail, and the ability to work effectively under pressure. I have strong analytical skills and can quickly adapt to new situations."
What are your weaknesses?,"[Weaknesses, Improvement, Example, Challenges, Areas for Improvement]","One area I am currently working on improving is public speaking. While I am comfortable speaking in small groups, I am actively seeking opportunities to enhance my presentation skills."
Why do you want to work for our company?,"[Company, Impressed, Skills, Goals, Culture, Values, Opportunities]","I am impressed by your company's commitment to innovation and dedication to providing top-quality products/services. I believe my skills align well with the company's goals, and I am excited about the opportunity to contribute to your team."
Can you describe a challenging project you worked on and how you handled it?,"[Challenging Project, Obstacles, Actions, Success, Problem-solving, Teamwork]","One of the most challenging projects I worked on involved tight deadlines and a complex set of requirements. To overcome obstacles, I organized regular team meetings to brainstorm solutions and delegated tasks effectively. Through effective communication and teamwork, we successfully delivered the project on time and exceeded client expectations."
Where do you see yourself in five years?,"[Career Goals, Growth, Position, Aspirations, Future, Ambitions]","In five years, I envision myself in a leadership role where I can leverage my skills and experience to drive organizational growth and mentor junior team members. I am committed to continuous learning and professional development to achieve my career goals."
How do you handle pressure or stressful situations?,"[Handling Pressure, Strategies, Positive Attitude, Resilience, Stress Management]","When faced with pressure or stressful situations, I prioritize tasks, break them down into smaller steps, and focus on one thing at a time. I maintain a positive attitude, practice deep breathing exercises, and seek support from colleagues when needed."
Can you give an example of a time when you demonstrated leadership skills?,"[Leadership, Example, Outcome, Decision-making, Team Leadership]","In my previous role as a project manager, I led a cross-functional team to launch a new product. I facilitated team meetings, set clear objectives, and made strategic decisions to keep the project on track. As a result of effective leadership, we exceeded project goals and received positive feedback from stakeholders."
What motivates you?,"[Motivation, Inspiration, Impact, Passion, Drive, Goals]","I am motivated by the opportunity to make a positive impact and contribute to meaningful projects. I am passionate about continuous improvement and strive to exceed expectations in everything I do."
How do you handle constructive criticism?,"[Constructive Criticism, Feedback, Improvement, Adaptation, Learning]","I welcome constructive criticism as an opportunity for growth and improvement. I actively seek feedback from colleagues and supervisors, and use it to identify areas for development and refine my skills."
What do you know about our products/services?,"[Product Knowledge, Research, Impressed Features, Innovation, Quality]","I have conducted thorough research on your products/services and am impressed by their innovative features and high quality. Your company has a reputation for excellence in the industry, and I am excited about the opportunity to contribute to your continued success."
Can you work effectively in a team?,"[Teamwork, Collaboration, Communication, Cooperation, Support]","Absolutely. I believe effective teamwork is essential for achieving shared goals and driving success. I communicate openly, listen to others' perspectives, and actively contribute to team discussions and decision-making processes."
How do you stay updated with industry trends?,"[Industry Trends, Learning, Adaptation, Professional Development, Networking]","I stay updated with industry trends through continuous learning and professional development. I regularly attend conferences, workshops, and webinars, and actively participate in industry-related forums and networking events."
What makes you the best candidate for this position?,"[Best Candidate, Skills, Experience, Achievements, Fit, Contribution]","I believe my combination of skills, experience, and achievements make me a strong fit for this position. I am committed to delivering high-quality results and am excited about the opportunity to contribute to the success of your team."
Do you have any questions for us?,"[Questions, Curiosity, Company, Role, Clarification, Culture]","Yes, I am curious to learn more about the company culture and growth opportunities available. Can you tell me more about the team dynamics and any recent company achievements?"
